Iteration,Loss
10,2.081146
20,1.9879583
30,2.0940251
40,2.0018506
50,1.9534538
60,2.0139883
70,2.1142433
80,2.083043
90,2.1582506
100,2.0273607
110,2.1103976
120,2.1756105
130,2.1725452
140,2.1773071
150,2.1626673
160,2.1773071
170,2.1773071
180,2.1773071
190,2.1773074
200,2.1773071
210,2.1773074
220,2.1773074
230,2.1737638
240,2.1773071
250,2.1773071
260,2.1773071
270,2.1773074
280,2.1773071
290,2.1773071
300,2.1773074
310,2.1773071
320,2.1773071
330,2.1773071
340,2.1773071
350,2.174524
360,2.1773071
370,2.171297
380,2.0164945
390,2.0943346
400,2.1522908
410,2.1006613
420,2.1389074
430,2.0845883
440,2.1773071
450,2.1773074
460,2.1773071
470,2.1773071
480,2.1773074
490,2.1773071
10,2.1337705
20,2.1669664
30,2.1771786
40,2.0599627
50,1.7816978
60,1.949589
70,2.0659614
80,1.6880982
90,1.3665296
100,1.5238369
110,0.9713497
120,1.2182456
130,0.9861536
140,0.9897836
150,1.1766486
160,1.1106198
170,0.9912038
180,1.0202575
190,1.1467825
200,1.1733849
210,1.1733041
220,1.1571853
230,1.1314151
240,1.1943309
250,0.9723867
260,1.0170889
270,1.1669924
280,1.0227072
290,1.2740437
300,0.97464246
310,0.93184584
320,1.065922
330,1.2389958
340,1.2444941
350,1.2521361
360,1.1723776
370,0.8856828
380,1.6018428
390,0.95853484
400,0.8863754
410,1.2055813
420,1.0252461
430,1.1626849
440,1.0024395
450,1.211962
460,1.3743776
470,1.0501866
480,1.0411755
490,1.0175197
500,1.5206674
510,1.0812016
520,0.893273
530,1.1308379
540,1.2398297
550,1.163617
560,0.81913114
570,1.1969614
580,1.2123711
590,1.1025349
600,1.3578842
610,0.9546735
620,1.4830482
630,1.2539656
640,0.99455434
650,1.1364229
660,1.0631596
670,1.1655993
680,1.1400374
690,1.136436
700,1.2900053
710,1.0197577
720,1.0120926
730,1.3153656
740,1.2607449
750,1.221188
760,1.087422
770,1.1649557
780,0.81330943
790,1.0015604
800,0.695326
810,1.0176238
820,0.8761139
830,1.0531383
840,1.1010957
850,0.9118999
860,1.1399906
870,0.97754717
880,0.93776524
890,1.027041
900,1.2298372
910,1.1683726
920,0.9548481
930,0.9954407
940,1.1161757
950,0.8897147
960,0.7722752
970,1.0508987
980,1.0828552
990,0.99871314
1000,1.2477434
1010,1.0073285
1020,0.9999038
1030,0.93068194
1040,1.047823
1050,0.9985157
1060,1.096746
1070,0.93545943
1080,1.0126958
1090,1.0293491
1100,1.0857364
1110,0.8806307
1120,0.94285226
1130,1.175332
1140,0.72539294
1150,1.1669971
1160,0.7084971
1170,0.875214
1180,0.960909
1190,1.008986
1200,0.8370566
1210,0.8578501
1220,1.2279634
1230,0.94174683
1240,1.0240588
1250,1.0564557
1260,0.848318
1270,0.70432824
1280,0.70527446
1290,1.1844368
1300,0.8122568
1310,0.8987735
1320,0.59518164
1330,0.99008834
1340,1.7327228
1350,1.2520858
1360,0.8639649
1370,0.8202075
1380,0.92121255
1390,1.04336
1400,0.70955884
1410,1.2338738
1420,1.2441294
1430,0.657209
1440,0.72133607
1450,1.1648465
1460,1.0564454
1470,0.9024962
1480,0.88506913
1490,0.9154301
1500,0.6063958
1510,0.89183426
1520,0.8577207
1530,0.95980364
1540,0.91266245
1550,0.724852
1560,0.93816626
1570,0.94578314
1580,0.9174747
1590,1.0829811
1600,0.78105295
1610,1.0133612
1620,0.6974796
1630,0.78032315
1640,0.63430303
1650,0.8748891
1660,0.82933146
1670,0.6922941
1680,1.4371482
1690,0.87846565
1700,0.9310528
1710,1.1179357
1720,0.66266286
1730,1.0823505
1740,0.7003453
1750,0.8081907
1760,0.53165317
1770,0.70370895
1780,1.1079755
1790,0.6278247
1800,0.76746505
1810,0.71797144
1820,1.0537184
1830,1.1554362
1840,0.91386235
1850,0.8708216
1860,0.59137976
1870,1.4195032
1880,0.9354931
1890,0.57386506
1900,0.8592562
1910,0.82971114
1920,0.74959207
1930,0.67976725
1940,1.1781101
1950,0.8203645
1960,0.69191146
1970,0.8625585
1980,0.80010355
1990,0.8644333
2000,0.64405555
2010,0.5578359
2020,0.83859706
2030,0.5369606
2040,0.6336732
2050,0.6272355
2060,0.89284074
2070,0.84607303
2080,0.66751903
2090,0.9141759
2100,0.6942438
2110,0.8298389
2120,0.5255945
2130,0.7903863
2140,0.85243475
2150,0.6403049
2160,0.8819636
2170,0.6766317
2180,0.78306663
2190,0.72256947
2200,0.609161
2210,1.1485524
2220,0.57817066
2230,0.77333164
2240,0.52556866
2250,0.6330193
2260,0.63014925
2270,0.6170322
2280,0.5903317
2290,0.7372315
2300,0.827515
2310,0.80051917
2320,0.7702358
2330,0.7164988
2340,0.7880554
2350,1.0619255
2360,0.4820373
2370,0.65183556
2380,0.7533673
2390,0.5455897
2400,0.9071808
2410,0.84941363
2420,0.64230824
2430,0.5597061
2440,0.5746785
2450,0.72463745
2460,0.5522378
2470,0.86226976
2480,0.5430219
2490,0.4080871
2500,1.0753312
2510,0.6849687
2520,1.3289311
2530,1.1249026
2540,0.6529837
2550,0.83872277
2560,0.63259906
2570,0.8698582
2580,0.77594674
2590,0.8063885
2600,0.61901546
2610,0.616895
2620,0.7575325
2630,0.63437724
2640,0.578965
2650,0.5077764
2660,0.83042645
2670,0.80577105
2680,0.6043488
2690,0.89671624
2700,0.7770864
2710,1.0380869
2720,0.5495864
2730,0.8237041
2740,0.6799758
2750,0.48807558
2760,0.6501051
2770,0.83059144
2780,0.6479677
2790,0.71475744
2800,0.42510733
2810,0.89002
2820,0.6813663
2830,0.79854053
2840,0.5739529
2850,0.7856512
2860,0.82943034
2870,0.61708844
2880,0.7879082
2890,0.45883924
2900,0.71433425
2910,0.7105496
2920,0.591745
2930,0.9219072
2940,0.6490699
2950,0.80170196
2960,0.47743022
2970,0.61975384
2980,0.5311427
2990,0.45726073
3000,0.69733787
3010,0.68190455
3020,0.8474405
3030,0.79585147
3040,0.45707124
3050,0.7582395
3060,0.48088688
3070,0.69950175
3080,0.6033606
3090,0.5117512
3100,0.45609808
3110,0.6970782
3120,0.9004093
3130,0.70178133
3140,0.7186028
3150,0.81414163
3160,0.4698728
3170,0.88200474
3180,0.48149717
3190,0.84892833
3200,0.33844903
3210,0.58278346
3220,0.6030388
3230,0.71089494
3240,0.60787994
3250,0.6289212
3260,0.60435444
3270,0.8056684
3280,0.49164256
3290,0.99895006
3300,0.53773564
3310,0.7812531
3320,0.30409727
3330,0.6708517
3340,0.67138743
3350,0.51087725
3360,0.6986941
3370,0.48738566
3380,0.8155521
3390,0.6545404
3400,0.4705373
3410,0.7720965
3420,0.60598385
3430,1.2657825
3440,0.42699522
3450,0.627936
3460,0.5493537
3470,0.5678419
3480,0.8394972
3490,0.5857801
3500,0.5876119
3510,0.8310503
3520,0.30851156
3530,0.5943955
3540,0.5150819
3550,0.63403404
3560,0.51094925
3570,0.5348392
3580,0.4264887
3590,0.43693858
3600,0.74969876
3610,0.6710204
3620,0.76873434
3630,0.81433165
3640,0.43037385
3650,0.6543033
3660,0.6090034
3670,0.8304078
3680,0.33363533
3690,0.6682204
3700,0.5098991
3710,0.51451075
3720,0.47982654
3730,0.5158625
3740,0.6338764
3750,0.69201434
3760,0.558686
3770,0.84349155
3780,0.36760724
3790,0.6555125
3800,0.48830292
3810,0.37788692
3820,0.61621
3830,0.45688334
3840,0.96107054
3850,0.5516619
3860,0.64696264
3870,0.6944431
3880,0.47955516
3890,0.5105436
3900,0.63683057
3910,0.47778997
3920,0.49811858
3930,0.70369947
3940,0.44567904
3950,0.31816465
3960,0.63086784
3970,0.5931696
3980,0.4981782
3990,0.49970546
4000,0.46040556
4010,0.5176625
4020,0.4509104
4030,0.85406584
4040,0.40217972
4050,0.60477626
4060,0.4678313
4070,0.5177935
4080,0.6360779
4090,0.46007589
4100,0.5320866
4110,0.5313216
4120,0.5365316
4130,0.45165136
4140,0.5070709
4150,0.8593826
4160,0.37318993
4170,0.42351323
4180,0.34362224
4190,0.36687288
4200,0.5709796
4210,0.82794213
4220,0.7972141
4230,0.5637609
4240,0.5032195
4250,0.6414176
4260,0.6108122
4270,0.82683164
4280,0.36570382
4290,0.3306865
4300,0.40488848
4310,0.41104323
4320,0.4626292
4330,0.75204957
4340,0.4896369
4350,0.5466846
4360,0.42837763
4370,0.6823045
4380,0.47413975
4390,0.63852113
4400,0.5045068
4410,0.50964445
4420,0.51612395
4430,0.38797683
4440,0.67535126
4450,0.55819595
4460,0.75722003
4470,0.45784006
4480,0.46834898
4490,0.4845947
4500,0.6186433
4510,0.7203787
4520,0.4530061
4530,0.4358885
4540,0.505916
4550,0.51241654
4560,0.67050135
4570,0.6546879
4580,0.6876174
4590,0.5701597
4600,0.45030397
4610,0.75662476
4620,0.4856205
4630,0.54448354
4640,0.48516017
4650,0.7419632
4660,0.43681002
4670,0.4088093
4680,0.74138445
4690,0.66032183
4700,0.49649552
4710,0.57444894
4720,0.31394252
4730,0.7147471
4740,0.54201305
4750,0.82678425
4760,0.4802046
4770,0.48967394
4780,0.36245298
4790,0.41701072
4800,0.7106869
4810,0.5301501
4820,0.6071358
4830,0.6810038
4840,0.44585943
4850,0.60778856
4860,0.47835386
4870,0.60558796
4880,0.4385939
4890,0.5279371
4900,0.45020807
4910,0.39456552
4920,0.62038785
4930,0.47016543
4940,0.8587767
4950,0.45703068
4960,0.4130184
4970,0.43987417
4980,0.5135539
4990,0.52365804
5000,0.52226305
5010,0.41427165
5020,0.3878589
5030,0.47170392
5040,0.6758936
5050,0.4968514
5060,0.49601442
5070,0.6852096
5080,0.36724693
5090,0.8403591
5100,0.5531292
5110,0.53822446
5120,0.38626224
5130,0.44462213
5140,0.4437187
5150,0.55969155
5160,0.5105758
5170,0.6403291
5180,0.48664972
5190,0.691495
5200,0.46955806
5210,0.6157415
5220,0.3911286
5230,0.7633349
5240,0.31393874
5250,0.51583475
5260,0.5065409
5270,0.684853
5280,0.73201895
5290,0.71992856
5300,0.7844074
5310,0.77673334
5320,0.6967979
5330,0.5370642
5340,0.61128914
5350,0.5899309
5360,0.32635462
5370,0.48068833
5380,0.32249895
5390,0.3733927
5400,0.5880593
5410,0.5358687
5420,0.8101791
5430,0.80594873
5440,0.46438888
5450,0.72538745
5460,0.6228593
5470,0.7936655
5480,0.5307367
5490,0.5674402
5500,0.5415545
5510,0.43440622
5520,0.707366
5530,0.64678013
5540,0.6117754
5550,0.4062151
5560,0.36538157
5570,0.6887492
5580,0.54883456
5590,0.5731342
5600,0.5364402
5610,0.46046823
5620,0.53097785
5630,0.27352536
5640,0.71232927
5650,0.82401484
5660,0.8633033
5670,0.4074327
5680,0.31322354
5690,0.59931624
5700,0.41914576
5710,0.78808725
5720,0.22014892
5730,0.42224115
5740,0.43571162
5750,0.44729564
5760,0.7042562
5770,0.64830583
5780,0.5941886
5790,0.5876574
5800,0.30552834
5810,0.6380333
5820,0.6532216
5830,0.6155025
5840,0.3059541
5850,0.5548875
5860,0.5360932
5870,0.41192663
5880,0.5498409
5890,0.4660222
5900,0.50089276
5910,0.58366466
5920,0.35232395
5930,0.3772859
5940,0.3995052
5950,0.62216
5960,0.38089517
5970,0.6070467
5980,0.31449965
5990,0.40325177
6000,0.56893146
6010,0.5528575
6020,0.5026696
6030,0.67043495
6040,0.2975883
6050,0.66448575
6060,0.53244644
6070,0.43493402
6080,0.32516438
6090,0.45425525
6100,0.34831506
6110,0.44369245
6120,0.5360776
6130,0.51553583
6140,0.3968806
6150,0.43722057
6160,0.33686805
6170,0.6950119
6180,0.43664292
6190,0.5233824
6200,0.29770657
6210,0.3973391
6220,0.4962967
6230,0.36373115
6240,0.7520618
6250,0.452098
6260,0.5173005
6270,0.6282027
6280,0.27048403
6290,0.3393559
6300,0.34529376
6310,0.6160319
6320,0.2962633
6330,0.5121185
6340,0.47962734
6350,0.40698642
6360,0.50388837
6370,0.48726487
6380,0.6395236
6390,0.44216594
6400,0.3456188
6410,0.54449284
6420,0.70109475
6430,0.8188497
6440,0.41872877
6450,0.82654727
6460,0.40837455
6470,0.5250013
6480,0.6817183
6490,0.6603765
6500,0.5617613
6510,0.5342626
6520,0.2989761
6530,0.5417282
6540,0.5113801
6550,0.64295244
6560,0.2668214
6570,0.36996037
6580,0.23380588
6590,0.24940658
6600,0.44510776
6610,0.6494953
6620,0.59443724
6630,0.5640064
6640,0.34171516
6650,0.50206286
6660,0.5608555
6670,0.66450256
6680,0.35132656
6690,0.6090822
6700,0.3746763
6710,0.38490367
6720,0.63327354
6730,0.4851743
6740,0.42539638
6750,0.3912159
6760,0.44025964
6770,0.48377743
6780,0.38242406
6790,0.75199044
6800,0.3456495
6810,0.3944599
6820,0.4010399
6830,0.44867817
6840,0.5617219
6850,0.49358535
6860,0.65509784
6870,0.43664542
6880,0.27551204
6890,0.35816854
6900,0.5362859
6910,0.660465
6920,0.2552367
6930,0.4145109
6940,0.42420775
6950,0.39499348
6960,0.51891434
6970,0.6333814
6980,0.67382693
6990,0.4427421
7000,0.5068705
7010,0.7866198
7020,0.34021857
7030,0.59403735
7040,0.24227113
7050,0.26758015
7060,0.44586053
7070,0.25745344
7080,0.5247979
7090,0.41013578
7100,0.7032777
7110,0.4884727
7120,0.34198952
7130,0.5254166
7140,0.26614192
7150,0.8980317
7160,0.38190538
7170,0.5077049
7180,0.42529476
7190,0.4337567
7200,0.64444524
7210,0.51649594
7220,0.43798643
7230,0.5241387
7240,0.21280757
7250,0.2938884
7260,0.4800617
7270,0.5299355
7280,0.22292332
7290,0.44834954
7300,0.34745586
7310,0.31316832
7320,0.515187
7330,0.60575056
7340,0.49704665
7350,0.46041647
7360,0.3789468
7370,0.6082797
7380,0.34303784
7390,0.5476494
7400,0.45370817
7410,0.4565249
7420,0.4036134
7430,0.3277856
7440,0.4841769
7450,0.41464448
7460,0.52723354
7470,0.55279523
7480,0.36157334
7490,0.4850541
7500,0.5797226
7510,0.79321253
7520,0.3240044
7530,0.54291487
7540,0.28418863
7550,0.3445773
7560,0.42914596
7570,0.5915408
7580,0.405999
7590,0.5524184
7600,0.19828306
7610,0.54331964
7620,0.60029
7630,0.6146176
7640,0.41086304
7650,0.530627
7660,0.39306426
7670,0.40488285
7680,0.54514503
7690,0.54883265
7700,0.48128954
7710,0.5356023
7720,0.3172739
7730,0.4591905
7740,0.5501927
7750,0.8041479
7760,0.23318884
7770,0.4873546
7780,0.46097884
7790,0.3808327
7800,0.3767511
7810,0.8033023
7820,0.4826305
7830,0.6876832
7840,0.4976251
7850,0.42056113
7860,0.40277076
7870,0.70050657
7880,0.24261329
7890,0.48630995
7900,0.24347499
7910,0.20554325
7920,0.43865055
7930,0.59049517
7940,0.6922475
7950,0.5846184
7960,0.31638378
7970,0.63225144
7980,0.42911217
7990,0.6922401
8000,0.36366776
8010,0.34717345
8020,0.23730808
8030,0.29489166
8040,0.67359906
8050,0.59080136
8060,0.6851171
8070,0.28952298
8080,0.40335062
8090,0.4062163
8100,0.5552397
8110,0.6017463
8120,0.24948129
8130,0.5422006
8140,0.38517684
8150,0.29957473
8160,0.45029008
8170,0.4781814
8180,0.75783646
8190,0.518875
8200,0.3485201
8210,0.53903294
8220,0.517141
8230,0.5892582
8240,0.2051816
8250,0.6143147
8260,0.33091116
8270,0.33073777
8280,0.47492915
8290,0.48885223
8300,0.49074256
8310,0.5322541
8320,0.400782
8330,0.5767777
8340,0.45549637
8350,0.34906098
8360,0.26203477
8370,0.45332623
8380,0.28151363
8390,0.33318788
8400,0.46872753
8410,0.3976066
8420,0.6641065
8430,0.63390064
8440,0.21342951
8450,0.59614223
8460,0.43161047
8470,0.47331277
8480,0.48255128
8490,0.49039477
8500,0.45994586
8510,0.27078438
8520,0.6219121
8530,0.43184194
8540,0.4505161
8550,0.48828334
8560,0.22313699
8570,0.3622201
8580,0.4213665
8590,0.39791226
8600,0.29236716
8610,0.34978917
8620,0.45983118
8630,0.46467093
8640,0.62475276
8650,0.5168853
8660,0.42086887
8670,0.4389103
8680,0.345517
8690,0.43500012
8700,0.5423756
8710,0.80176055
8720,0.17135198
8730,0.36900985
8740,0.4961035
8750,0.23297673
8760,0.5522212
8770,0.4275585
8780,0.39277095
8790,0.5636699
8800,0.30878454
8810,0.5620176
8820,0.58821535
8830,0.758764
8840,0.30550298
8850,0.33718514
8860,0.3801456
8870,0.24946032
8880,0.47419655
8890,0.39019847
8900,0.41881037
8910,0.6388665
8920,0.25574738
8930,0.46671236
8940,0.5400765
8950,0.59932166
8960,0.4247877
8970,0.47096315
8980,0.32415557
8990,0.36579818
9000,0.3910482
9010,0.5428719
9020,0.44406158
9030,0.48164877
9040,0.41269875
9050,0.447529
9060,0.51499
9070,0.5775821
9080,0.32708603
9090,0.37791538
9100,0.2815985
9110,0.27478674
9120,0.80944765
9130,0.60672486
9140,0.48251694
9150,0.45195085
9160,0.4327615
9170,0.43851918
9180,0.3368252
9190,0.57045877
9200,0.25135136
9210,0.26664907
9220,0.38034266
9230,0.3250697
9240,0.39343047
9250,0.4083776
9260,0.6105943
9270,0.34874505
9280,0.29122588
9290,0.5194732
9300,0.43418437
9310,0.5205356
9320,0.38276803
9330,0.26719025
9340,0.18795872
9350,0.29245114
9360,0.56063277
9370,0.73391753
9380,0.51622576
9390,0.5899221
9400,0.42873
9410,0.5234117
9420,0.46446744
9430,0.6248212
9440,0.31790203
9450,0.28943723
9460,0.33837813
9470,0.23365438
9480,0.4616446
9490,0.5122886
9500,0.60902226
9510,0.5430661
9520,0.3616093
9530,0.565429
9540,0.36039543
9550,0.52428913
9560,0.3651958
9570,0.5057916
9580,0.2487501
9590,0.30475086
9600,0.48087183
9610,0.48924816
9620,0.3249365
9630,0.62237704
9640,0.23604761
9650,0.47103232
9660,0.58030194
9670,0.48206323
9680,0.22856617
9690,0.3896829
9700,0.20668
9710,0.2705691
9720,0.56088436
9730,0.4659019
9740,0.6855008
9750,0.40834364
9760,0.25447834
9770,0.5119362
9780,0.44383395
9790,0.4974994
9800,0.36670804
9810,0.40381336
9820,0.2776274
9830,0.2733779
9840,0.6213232
9850,0.4755149
9860,0.3981486
9870,0.56176525
9880,0.3176816
9890,0.43458086
9900,0.42608875
9910,0.5437672
9920,0.25817692
9930,0.3423671
9940,0.4123936
9950,0.3993986
9960,0.363909
9970,0.56968737
9980,0.50280166
9990,0.40308708
10000,0.24032754
10010,0.49945349
10020,0.3829098
10030,0.550964
10040,0.31822228
10050,0.48633736
10060,0.2767598
10070,0.41641688
10080,0.4174199
10090,0.5486099
10100,0.43809545
10110,0.42657828
10120,0.37257892
10130,0.5406325
10140,0.55287373
10150,0.60301524
10160,0.3569787
10170,0.44223118
10180,0.18997307
10190,0.30750573
10200,0.26934946
10210,0.5715216
10220,0.3986425
10230,0.5546311
10240,0.3265127
10250,0.49820015
10260,0.6115198
10270,0.6160008
10280,0.22335948
10290,0.4072641
10300,0.2795475
10310,0.25471842
10320,0.64834
10330,0.50751877
10340,0.6473865
10350,0.416444
10360,0.3200258
10370,0.41106987
10380,0.52317214
10390,0.45390427
10400,0.25169858
10410,0.5370309
10420,0.3004173
10430,0.2033193
10440,0.62856203
10450,0.5299417
10460,0.61179674
10470,0.61937654
10480,0.25662822
10490,0.43248662
10500,0.47626105
10510,0.68412036
10520,0.1929058
10530,0.25765222
10540,0.30696213
10550,0.43030745
10560,0.5638486
10570,0.5559943
10580,0.40217507
10590,0.39924192
10600,0.29766694
10610,0.377203
10620,0.39760542
10630,0.49273226
10640,0.114077136
10650,0.34694973
10660,0.25873017
10670,0.32060832
10680,0.50792223
10690,0.526749
10700,0.4478719
10710,0.59588706
10720,0.21043459
10730,0.38427848
10740,0.48323748
10750,0.75894535
10760,0.23837799
10770,0.39812988
10780,0.27044225
10790,0.39515033
10800,0.24144775
10810,0.48325673
10820,0.41776246
10830,0.59838223
10840,0.31789094
10850,0.49308267
10860,0.5132891
10870,0.55431455
10880,0.20126921
10890,0.48712188
10900,0.2638374
10910,0.20521498
10920,0.50910723
10930,0.49325836
10940,0.46900752
10950,0.48597938
10960,0.34837317
10970,0.61079514
10980,0.4135849
10990,0.4972272
11000,0.30143446
11010,0.478761
11020,0.36359668
11030,0.39793342
11040,0.39929283
11050,0.41361314
11060,0.4598949
11070,0.3297955
11080,0.35355303
11090,0.41775677
11100,0.5264778
11110,0.41890204
11120,0.2386492
11130,0.41282952
11140,0.17083877
11150,0.30411065
11160,0.37194484
11170,0.6433127
11180,0.46442413
11190,0.44426334
11200,0.1995272
11210,0.47496027
11220,0.48930156
11230,0.44597006
11240,0.23533604
11250,0.3772441
11260,0.24269022
11270,0.22928599
11280,0.55003726
11290,0.43616825
11300,0.54831946
11310,0.34532437
11320,0.39158785
11330,0.48189476
11340,0.37053156
11350,0.6184127
11360,0.28630173
11370,0.2557388
11380,0.26822814
11390,0.27377683
11400,0.40830985
11410,0.53743434
11420,0.44409913
11430,0.44123995
11440,0.27484852
11450,0.6019021
11460,0.2355369
11470,0.52519155
11480,0.19911024
11490,0.2984435
11500,0.27185497
11510,0.40757
11520,0.37436324
11530,0.33848926
11540,0.30145696
11550,0.49230456
11560,0.36908045
11570,0.3832553
11580,0.41885155
11590,0.57660556
11600,0.30952317
11610,0.32169577
11620,0.22218376
11630,0.19606212
11640,0.42486036
11650,0.6015189
11660,0.18223566
11670,0.46104413
11680,0.20756954
11690,0.45801502
11700,0.4601896
11710,0.58178043
11720,0.2711199
11730,0.47026035
11740,0.32611763
11750,0.2972938
11760,0.61075234
11770,0.42287743
11780,0.52781177
11790,0.3848644
11800,0.24425481
11810,0.30531412
11820,0.27114692
11830,0.47054803
11840,0.26712322
11850,0.31200114
11860,0.23680569
11870,0.35724372
11880,0.4443012
11890,0.41902113
11900,0.6788771
11910,0.55489314
11920,0.3314894
11930,0.37564373
11940,0.4502889
11950,0.47770908
11960,0.17131686
11970,0.4160685
11980,0.25636464
11990,0.2698835
12000,0.43654034
12010,0.49550414
12020,0.45237225
12030,0.49555758
12040,0.23402673
12050,0.4090499
12060,0.37092033
12070,0.38062525
12080,0.24372877
12090,0.4724539
12100,0.38161287
12110,0.26605928
12120,0.34847113
12130,0.44798476
12140,0.5274333
12150,0.41997606
12160,0.435416
12170,0.4736263
12180,0.311652
12190,0.4746074
12200,0.22366643
12210,0.2759594
12220,0.30652827
12230,0.29177117
12240,0.44389248
12250,0.33624113
12260,0.34899655
12270,0.55057347
12280,0.39883626
12290,0.291753
12300,0.3784935
12310,1.0573361
12320,0.38024592
12330,0.23208639
12340,0.32899445
12350,0.28448045
12360,0.44482356
12370,0.48751444
12380,0.4799511
12390,0.5423452
12400,0.20795543
12410,0.42626172
12420,0.38584146
12430,1.3538047
12440,0.28206635
12450,0.5423228
12460,0.36407298
12470,0.2360385
12480,0.42542017
12490,0.48515174
12500,0.45432454
12510,0.37110293
12520,0.3090027
12530,0.25714815
12540,0.47612765
12550,0.44416854
12560,0.16262858
12570,0.26630932
12580,0.3317532
12590,0.20319557
12600,0.5757931
12610,0.6319299
12620,0.5027286
12630,0.54627246
12640,0.25088814
12650,0.33159137
12660,0.36820722
12670,0.6898215
12680,0.24396971
12690,0.4408204
12700,0.3045333
12710,0.15815109
12720,0.33873034
12730,0.48204598
12740,0.45317835
12750,0.33264905
12760,0.21038184
12770,0.39778775
12780,0.59038806
12790,0.43383515
12800,0.30519477
12810,0.2226704
12820,0.15593186
12830,0.18500844
12840,0.32166886
12850,0.4256819
12860,0.4608465
12870,0.3829326
12880,0.31588018
12890,0.40622038
12900,0.36686087
12910,0.43461198
12920,0.2986194
12930,0.35950232
12940,0.13995099
12950,0.18848771
12960,0.4395666
12970,0.48653084
12980,0.50516754
12990,0.49210232
13000,0.3115302
13010,0.33152866
13020,0.43412724
13030,0.47482818
13040,0.27039835
13050,0.29465455
13060,0.29864252
13070,0.41546577
13080,0.5179326
13090,0.46332347
13100,0.36496067
13110,0.3248638
13120,0.17262945
13130,0.47585317
13140,0.2900848
13150,0.4454472
13160,0.13293684
13170,0.29749024
13180,0.19509095
13190,0.29075295
13200,0.44071862
13210,0.5334879
13220,0.4388626
13230,0.30983272
13240,0.2228646
13250,0.37197512
13260,0.43800756
13270,0.5758711
13280,0.268238
13290,0.30141667
13300,0.3754325
13310,0.31559536
13320,0.5352174
13330,0.4259941
13340,0.36351144
13350,0.49312374
13360,0.31936264
13370,0.42489508
13380,0.42071018
13390,0.53010195
13400,0.40513578
13410,0.46037567
13420,0.30150786
13430,0.34942812
13440,0.28737965
13450,0.36552012
13460,0.41712436
13470,0.42118543
13480,0.35009706
13490,0.4173171
13500,0.46243328
13510,0.56055534
13520,0.1994398
13530,0.40169764
13540,0.22467332
13550,0.2853368
13560,0.48900205
13570,0.5079118
13580,0.3112524
13590,0.42095995
13600,0.31007677
13610,0.3927443
13620,0.45797068
13630,0.62722045
13640,0.1909715
13650,0.2426027
13660,0.3211985
13670,0.28406975
13680,0.37574255
13690,0.3174041
13700,0.55280054
13710,0.40733558
13720,0.2529032
13730,0.40143007
13740,0.42324892
13750,0.49061435
13760,0.12427451
13770,0.31130794
13780,0.30079234
13790,0.2128858
13800,0.4313
13810,0.49827296
13820,0.3542228
13830,0.30878562
13840,0.29083163
13850,0.4329452
13860,0.61567205
13870,0.559504
13880,0.2020723
13890,0.3474769
13900,0.53612715
13910,0.17931244
13920,0.49547184
13930,0.33619946
13940,0.2701719
13950,0.5072596
13960,0.22983876
13970,0.42613056
13980,0.50068367
13990,0.4133247
14000,0.26178616
14010,0.31022072
14020,0.4019286
14030,0.28600395
14040,0.5215103
14050,0.34183156
14060,0.44801793
14070,0.34732687
14080,0.23451996
14090,0.4470604
14100,0.3015449
14110,0.7699503
14120,0.38961607
14130,0.30223906
14140,0.20977247
14150,0.14105052
14160,0.5220609
14170,0.37217027
14180,0.24662356
14190,0.45159194
14200,0.22995648
14210,0.3239647
14220,0.3975531
14230,0.4363786
14240,0.2600912
14250,0.4742046
14260,0.24071018
14270,0.23014507
14280,0.5041982
14290,0.35731542
14300,0.6314975
14310,0.598068
14320,0.37010723
14330,0.4455499
14340,0.35516015
14350,0.48782668
14360,0.24288028
14370,0.41020194
14380,0.27447224
14390,0.30236638
14400,0.34987748
14410,0.38425675
14420,0.4334572
14430,0.29623863
14440,0.296977
14450,0.34346852
14460,0.5086027
14470,0.44675726
14480,0.15249042
14490,0.26078397
14500,0.21710682
14510,0.22983745
14520,0.37383047
14530,0.35474628
14540,0.4026054
14550,0.36697906
14560,0.38459682
14570,0.4193507
14580,0.3199872
14590,0.41620708
14600,0.21347982
14610,0.39060313
14620,0.2867245
14630,0.30903184
14640,0.32156712
14650,0.40754086
14660,0.53022814
14670,0.38771662
14680,0.18976955
14690,0.41119605
14700,0.33871144
14710,0.30732545
14720,0.2321986
14730,0.39503056
14740,0.50608957
14750,0.25801322
14760,0.32434723
14770,0.46391386
14780,0.30233628
14790,0.3926208
14800,0.23176031
14810,0.48317525
14820,0.32767594
14830,0.46235323
14840,0.23492697
14850,0.28829995
14860,0.20662014
14870,0.2690367
14880,0.2762744
14890,0.4612811
14900,0.609216
14910,0.27397764
14920,0.35886765
14930,0.37383524
14940,0.36841857
14950,0.7171848
14960,0.30362993
14970,0.43898952
14980,0.19592394
14990,0.2422432
15000,0.43001273
15010,0.44288597
15020,0.45781156
15030,0.3598378
15040,0.17960536
15050,0.31938362
15060,0.28616324
15070,0.47599438
15080,0.2648572
15090,0.31039777
15100,0.25219363
15110,0.23610835
15120,0.3646965
15130,0.3723292
15140,0.32814786
15150,0.37255216
15160,0.3294804
15170,0.40977144
15180,0.38027376
15190,0.42155755
15200,0.21517494
15210,0.38291907
15220,0.17032847
15230,0.32850778
15240,0.4551781
15250,0.43567878
15260,0.50304693
15270,0.38253492
15280,0.37466115
15290,0.35829455
15300,0.34135544
15310,0.5231949
15320,0.40146703
15330,0.30923417
15340,0.18094449
15350,0.24556993
15360,0.48076454
15370,0.32929283
15380,0.42925477
15390,0.5966337
15400,0.16545261
15410,0.47222328
15420,0.4052205
15430,0.39120147
15440,0.24692234
15450,0.33438444
15460,0.12514785
15470,0.27758247
15480,0.42016703
15490,0.4808373
15500,0.31375703
15510,0.33374035
15520,0.17736927
15530,0.42339194
15540,0.47865927
15550,0.4337768
15560,0.3194215
15570,0.2944294
15580,0.333817
15590,0.2575202
15600,0.3161329
15610,0.39709777
15620,0.5035393
15630,0.4561944
15640,0.22881655
15650,0.31159666
15660,0.5568837
15670,0.5785823
15680,0.16437548
15690,0.36669946
15700,0.1642884
15710,0.20574099
15720,0.4349169
15730,0.43645853
15740,0.35953462
15750,0.3867781
15760,0.3731307
15770,0.4039098
15780,0.30194357
15790,0.4231239
15800,0.3324129
15810,0.4229766
15820,0.2968438
15830,0.26365942
15840,0.58472645
15850,0.49787912
15860,0.4391712
15870,0.6830347
15880,0.4002565
15890,0.36829752
15900,0.3833282
15910,0.62618643
15920,0.22517578
15930,0.2826186
15940,0.32927206
15950,0.24416292
15960,0.48661846
15970,0.35330784
15980,0.38853896
15990,0.42295673
16000,0.2520667
16010,0.31193194
16020,0.44373494
16030,0.46002996
16040,0.2017929
16050,0.29188442
16060,0.26362282
16070,0.19424811
16080,0.39548653
16090,0.3699344
16100,0.30659902
16110,0.33839554
16120,0.17546034
16130,0.3030727
16140,0.61277723
16150,0.54589295
16160,0.24012484
16170,0.3498045
16180,0.26365185
16190,0.22396088
16200,0.47713885
16210,0.5395783
16220,0.2861693
16230,0.61354953
16240,0.15502483
16250,0.24196474
16260,0.22473963
16270,0.34869382
16280,0.29615444
16290,0.36332688
16300,0.2194533
16310,0.2989161
16320,0.45107645
16330,0.4796878
16340,0.39449313
16350,0.44382113
16360,0.25794154
16370,0.36882046
16380,0.41771895
16390,0.49892235
16400,0.14244658
16410,0.3040213
16420,0.2501768
16430,0.26128596
16440,0.30542517
16450,0.69002545
16460,0.35385078
16470,0.43312472
16480,0.29164034
16490,0.70583767
16500,0.3508842
16510,0.50378054
16520,0.102674946
16530,0.20386985
16540,0.23504274
16550,0.09155927
16560,0.37032518
16570,0.45244926
16580,0.45765436
16590,0.44596687
16600,0.20628949
16610,0.45352018
16620,0.30049443
16630,0.61036956
16640,0.38792324
16650,0.36122257
16660,0.27721024
16670,0.26396343
16680,0.32384375
16690,0.5013237
16700,0.63299274
16710,0.44334024
16720,0.19122444
16730,0.3359509
16740,0.41988742
16750,0.46968657
16760,0.12978348
16770,0.22904128
16780,0.2344397
16790,0.24802703
16800,0.32845807
16810,0.49499258
16820,0.37578058
16830,0.33387333
16840,0.22664022
16850,0.34854412
16860,0.42787018
16870,0.48593497
16880,0.21934767
16890,0.3294853
16900,0.28184694
16910,0.21965064
16920,0.27272874
16930,0.5032958
16940,0.36507514
16950,0.47937927
16960,0.3000071
16970,0.45098096
16980,0.3828795
16990,0.64941764
17000,0.12798852
17010,0.38122153
17020,0.35532552
17030,0.27883375
17040,0.48841554
17050,0.48970133
17060,0.3790891
17070,0.45831683
17080,0.33159113
17090,0.46622357
17100,0.31510305
17110,0.3435475
17120,0.20405261
17130,0.3542322
17140,0.11484566
17150,0.40888825
17160,0.4885236
17170,0.43702394
17180,0.4545064
17190,0.2824126
17200,0.25047448
17210,0.5034394
17220,0.4551419
17230,0.46768776
17240,0.20040654
17250,0.27710247
17260,0.31621298
17270,0.35094163
17280,0.3674446
17290,0.46722287
17300,0.34711125
17310,0.4134742
17320,0.28056014
17330,0.4934843
17340,0.45115793
17350,0.35761374
17360,0.19535846
17370,0.26468706
17380,0.26701412
17390,0.3048393
17400,0.34011653
17410,0.5305753
17420,0.35252863
17430,0.27836344
17440,0.27835467
17450,0.5750326
17460,0.4396069
17470,0.5902978
17480,0.21307448
17490,0.2369754
17500,0.22807051
17510,0.15460339
17520,0.36781198
17530,0.4982107
17540,0.23568353
17550,0.35815457
17560,0.18087086
17570,0.33165762
17580,0.34710574
17590,0.47532615
17600,0.18439242
17610,0.18508454
17620,0.37223592
17630,0.2325759
17640,0.44722977
17650,0.40826738
17660,0.5173372
17670,0.4693374
17680,0.10454912
17690,0.38794833
17700,0.4394686
17710,0.7706636
17720,0.32559806
17730,0.20448782
17740,0.21258591
17750,0.25241578
17760,0.30868885
17770,0.4878475
17780,0.45102715
17790,0.49890152
17800,0.27179155
17810,0.38745552
17820,0.56022626
17830,0.5378715
17840,0.27879012
17850,0.29781002
17860,0.18164809
17870,0.24768887
17880,0.3577261
17890,0.44250062
17900,0.3521273
17910,0.3164081
17920,0.35904032
17930,0.42531008
17940,0.27471948
17950,0.59645855
17960,0.15946358
17970,0.30047572
17980,0.118927956
17990,0.28906268
18000,0.3892338
18010,0.4294087
18020,0.39349908
18030,0.44645792
18040,0.30291384
18050,0.39518166
18060,0.36919165
18070,0.3016824
18080,0.13425821
18090,0.16575922
18100,0.20395833
18110,0.21868211
18120,0.27425122
18130,0.5465325
18140,0.43956864
18150,0.44231153
18160,0.29020512
18170,0.22702634
18180,0.48354346
18190,0.5093522
18200,0.22256947
18210,0.4273926
18220,0.21477818
18230,0.34480008
18240,0.44086248
18250,0.68781626
18260,0.45046827
18270,0.39378464
18280,0.32226837
18290,0.44122732
18300,0.51674336
18310,0.48574308
18320,0.24809131
18330,0.20888245
18340,0.28804612
18350,0.29472935
18360,0.55944186
18370,0.51701665
18380,0.37562165
18390,0.44646037
18400,0.15195456
18410,0.34961936
18420,0.32083437
18430,0.54718363
18440,0.2015744
18450,0.4174083
18460,0.27609015
18470,0.16983451
18480,0.49594378
18490,0.40347117
18500,0.5824218
18510,0.34741372
18520,0.27021468
18530,0.25323048
18540,0.22321047
18550,0.561383
18560,0.27653852
18570,0.30678225
18580,0.31048423
18590,0.19986346
18600,0.32860667
18610,0.3535285
18620,0.54952544
18630,0.3123719
18640,0.2577486
18650,0.44197685
18660,0.26215255
18670,0.46628982
18680,0.2791173
18690,0.28616354
18700,0.24319887
18710,0.17399296
18720,0.42991382
18730,0.3631658
18740,0.48051912
18750,0.4166734
18760,0.17287533
18770,0.34365863
18780,0.39286727
18790,0.3699073
18800,0.16906092
18810,0.27751315
18820,0.31940687
18830,0.24033558
18840,0.38549632
18850,0.2850749
18860,0.4219701
18870,0.2928236
18880,0.2798686
18890,0.39734405
18900,0.4172988
18910,0.5168507
18920,0.32714576
18930,0.41245785
18940,0.2882517
18950,0.2947687
18960,0.44184956
18970,0.38587016
18980,0.39231104
18990,0.23720983
19000,0.32892948
19010,0.5408855
19020,0.34773362
19030,0.44026846
19040,0.22237773
19050,0.1770064
19060,0.24747452
19070,0.33236384
19080,0.51559675
19090,0.37235004
19100,0.4390434
19110,0.30653554
19120,0.18595588
19130,0.35890102
19140,0.42089236
19150,0.43986747
19160,0.20417805
19170,0.28992778
19180,0.22096059
19190,0.24596852
19200,0.3186583
19210,0.33773023
19220,0.3375119
19230,0.3797015
19240,0.26992607
19250,0.41913354
19260,0.43123806
19270,0.3724352
19280,0.26829147
19290,0.30264533
19300,0.24627121
19310,0.26414755
19320,0.40097222
19330,0.34836015
19340,0.4057335
19350,0.3001306
19360,0.24477611
19370,0.30061153
19380,0.40229544
19390,0.48012364
19400,0.23594464
19410,0.3095365
19420,0.2562691
19430,0.33708233
19440,0.36415583
19450,0.5684109
19460,0.41740185
19470,0.41929466
19480,0.15879992
19490,0.28400272
19500,0.31583482
19510,0.33961308
19520,0.17302966
19530,0.3074487
19540,0.19379134
19550,0.24285322
19560,0.4247923
19570,0.34653407
19580,0.44570598
19590,0.4071713
19600,0.28137028
19610,0.21900547
19620,0.3930784
19630,0.49679446
19640,0.21305436
19650,0.36137277
19660,0.16718763
19670,0.12686524
19680,0.39989623
19690,0.4779121
19700,0.34799778
19710,0.4055692
19720,0.2470624
19730,0.38321427
19740,0.37735623
19750,0.45646676
19760,0.23848782
19770,0.34270746
19780,0.27496064
19790,0.2472732
19800,0.46403491
19810,0.47210327
19820,0.35705742
19830,0.32001245
19840,0.22163078
19850,0.40467486
19860,0.3109896
19870,0.38557622
19880,0.26702863
19890,0.41747802
19900,0.14741348
19910,0.24126536
19920,0.3825811
19930,0.25276703
19940,0.60753417
19950,0.2858626
19960,0.17171073
19970,0.31463736
19980,0.28383943
19990,0.39842677
20000,0.14873733
20010,0.25700742
20020,0.1900689
20030,0.24111101
20040,0.44578022
20050,0.4355492
20060,0.3007359
20070,0.43399474
20080,0.21132141
20090,0.31436834
20100,0.4298874
20110,0.4759682
20120,0.35755414
20130,0.24830353
20140,0.26732233
20150,0.22469126
20160,0.3290524
20170,0.3465112
20180,0.30140257
20190,0.38428238
20200,0.23322845
20210,0.26732707
20220,0.3464511
20230,0.48644176
20240,0.27302474
20250,0.2197757
20260,0.18819863
20270,0.2019416
20280,0.5094266
20290,0.5945592
20300,0.31465805
20310,0.4383573
20320,0.23897605
20330,0.3443441
20340,0.2713058
20350,0.4058512
20360,0.12474762
20370,0.40971494
20380,0.43035263
20390,0.21507499
20400,0.3219969
20410,0.47075132
20420,0.28808048
20430,0.45113173
20440,0.35548615
20450,0.30283543
20460,0.35333723
20470,0.3639668
20480,0.21252061
20490,0.27957338
20500,0.1080489
20510,0.21040866
20520,0.36788017
20530,0.43834114
20540,0.3848758
20550,0.38489705
20560,0.29679105
20570,0.26181397
20580,0.31212774
20590,0.46682942
20600,0.34433073
20610,0.26311997
20620,0.2187812
20630,0.20682997
20640,0.29902402
20650,0.32338625
20660,0.30046746
20670,0.4896291
20680,0.16373275
20690,0.39238948
20700,0.3270774
20710,0.338651
20720,0.17630394
20730,0.21612664
20740,0.2191001
20750,0.19278535
20760,0.3359884
20770,0.37989104
20780,0.3797134
20790,0.25401407
20800,0.30889082
20810,0.295791
20820,0.32000375
20830,2.0355296
20840,0.3308707
20850,0.26243728
20860,0.27277717
20870,0.2949011
20880,0.3367883
20890,0.24244294
20900,0.36088505
20910,0.28723305
20920,0.14384441
20930,0.34419364
20940,0.3914742
20950,0.43033475
20960,0.24246392
20970,0.197556
20980,0.27188352
20990,0.23783088
21000,0.4979383
21010,0.4753569
21020,0.26707682
21030,0.38591313
21040,0.2678687
21050,0.19818468
21060,0.2111057
21070,0.39948374
21080,0.16492766
21090,0.28718197
21100,0.13408443
21110,0.19057615
21120,0.40986195
21130,0.34567642
21140,0.37466374
21150,0.30638683
21160,0.1613569
21170,0.3172611
21180,0.5404204
21190,0.6868713
21200,0.29410774
21210,0.1256221
21220,0.117612965
21230,0.16379341
21240,0.34277803
21250,0.3137347
21260,0.4920803
21270,0.3991155
21280,0.25163764
21290,0.37312505
21300,0.3616473
21310,0.4598515
21320,0.17207888
21330,0.33687553
21340,0.25509465
21350,0.174143
21360,0.2504202
21370,0.47794282
21380,0.67304957
21390,0.28906512
21400,0.20819879
21410,0.4054153
21420,0.33358365
21430,0.43191373
21440,0.1485315
21450,0.25120765
21460,0.23106356
21470,0.29674986
21480,0.30306143
21490,0.37287003
21500,0.43952304
21510,0.46348184
21520,0.19579658
21530,0.27434832
21540,0.31997365
21550,0.42277342
21560,0.16200958
21570,0.248164
21580,0.20910405
21590,0.2575397
21600,0.38579968
21610,0.48439115
21620,0.2894444
21630,0.45023
21640,0.21808237
21650,0.35445547
21660,0.3216794
21670,0.3842994
21680,0.36982363
21690,0.32735404
21700,0.34713304
21710,0.21500355
21720,0.23106381
21730,0.37140113
21740,0.47514275
21750,0.33536017
21760,0.14471224
21770,0.2938655
21780,0.3583265
21790,0.39959455
21800,0.13381816
21810,0.34610748
21820,0.13297117
21830,0.35632354
21840,0.33198524
21850,0.35221598
21860,0.36824787
21870,0.37903675
21880,0.24762288
21890,0.26533553
21900,0.25542882
21910,0.3633741
21920,0.14177439
21930,0.2986874
21940,0.35304916
21950,0.13968438
21960,0.24851607
21970,0.35304338
21980,0.45277447
21990,0.30523205
22000,0.16641498
22010,0.37859213
22020,0.2731463
22030,0.415681
22040,0.24466065
22050,0.3011643
22060,0.30092072
22070,0.23508789
22080,0.41935068
22090,0.30097547
22100,0.3807276
22110,0.41669136
22120,0.22037746
22130,0.23096913
22140,0.32282236
22150,0.4241701
22160,0.32430398
22170,0.31050164
22180,0.26945293
22190,0.1651859
22200,0.30908155
22210,0.4748761
22220,0.65141904
22230,0.51265544
22240,0.16745174
22250,0.29952508
22260,0.3193353
22270,0.49568057
22280,0.16640061
22290,0.2040601
22300,0.21118353
22310,0.2809891
22320,0.3487625
22330,0.34877467
22340,0.3950622
22350,0.27353567
22360,0.23180957
22370,0.2962205
22380,0.44618756
22390,0.45364478
22400,0.21372275
22410,0.24129754
22420,0.14837107
22430,0.2857806
22440,0.3783416
22450,0.26244164
22460,0.24019434
22470,0.35449013
22480,0.16334042
22490,0.25132716
22500,0.37375152
22510,0.5310242
22520,0.15062332
22530,0.26698703
22540,0.17051561
22550,0.21097873
22560,0.354136
22570,0.39924666
22580,0.2728379
22590,0.29449102
22600,0.21137437
22610,0.48804414
22620,0.3040939
22630,0.61143327
22640,0.18377884
22650,0.14622763
22660,0.28244132
22670,0.20641567
22680,0.27594912
22690,0.4568305
22700,0.4368412
22710,0.32110518
22720,0.22786912
22730,0.34951675
22740,0.42256287
22750,0.4723739
22760,0.21319063
22770,0.34501785
22780,0.28144997
22790,0.23253666
22800,0.3237221
22810,0.28967094
22820,0.28044337
22830,0.27092564
22840,0.18729693
22850,0.2237947
22860,0.32172263
22870,0.34702468
22880,0.2501157
22890,0.22309136
22900,0.27879912
22910,0.26265892
22920,0.2773878
22930,0.40612903
22940,0.41921094
22950,0.23515752
22960,0.21536554
22970,0.24776548
22980,0.42298836
22990,0.51605976
23000,0.1906974
23010,0.31939197
23020,0.2550113
23030,0.17233375
23040,0.36832142
23050,0.22250356
23060,0.29605794
23070,0.41542274
23080,0.15889739
23090,0.27801794
23100,0.25206777
23110,0.3866778
23120,0.16291755
23130,0.47285235
23140,0.18264543
23150,0.2816884
23160,0.42264247
23170,0.3234312
23180,0.41185853
23190,0.40891433
23200,0.18000482
23210,0.42856178
23220,0.44067633
23230,0.4843449
23240,0.20064536
23250,0.2291969
23260,0.18436702
23270,0.33864576
23280,0.36522403
23290,0.4425618
23300,0.47888154
23310,0.53661364
23320,0.16333567
23330,0.36573577
23340,0.27958056
23350,0.38555408
23360,0.29665035
23370,0.115172505
23380,0.32456562
23390,0.2238912
23400,0.33101928
23410,0.3628174
23420,0.37372655
23430,0.28752136
23440,0.14094763
23450,0.3855489
23460,0.37042117
23470,0.3788427
23480,0.085549824
23490,0.24699709
23500,0.11770033
23510,0.2736684
23520,0.45431423
23530,0.2572406
23540,0.38320893
23550,0.28447896
23560,0.18213743
23570,0.33027655
23580,0.46947554
23590,0.40497026
23600,0.19378707
23610,0.2926493
23620,0.24971712
23630,0.29470345
23640,0.29651803
23650,0.44201514
23660,0.27780384
23670,0.30239904
23680,0.14584613
23690,0.2910615
23700,0.3698766
23710,0.42990404
23720,0.21670142
23730,0.30480707
23740,0.21244879
23750,0.19055563
23760,0.4789009
23770,0.44992656
23780,0.51786536
23790,0.25269234
23800,0.15171796
23810,0.4332809
23820,0.37027848
23830,0.3491996
23840,0.1269816
23850,0.20115703
23860,0.1899244
23870,0.26697224
23880,0.28837943
23890,0.3286052
23900,0.26563454
23910,0.3297396
23920,0.18422818
23930,0.19190018
23940,0.43188757
23950,0.4559044
23960,0.15155272
23970,0.30858403
23980,0.20954715
23990,0.22027943
24000,0.32660884
24010,0.40661126
24020,0.35680243
24030,0.35643774
24040,0.20573458
24050,0.35996035
24060,0.33888406
24070,0.3284438
24080,0.2554785
24090,0.3461676
24100,0.31316668
24110,0.117043346
24120,0.26109898
24130,0.36917976
24140,0.38212916
24150,0.52445674
24160,0.15087004
24170,0.39432317
24180,0.4137346
24190,0.40039885
24200,0.23921172
24210,0.33487004
24220,0.13415465
24230,0.22521202
24240,0.50412875
24250,0.52817345
24260,0.47946894
24270,0.48798677
24280,0.22310883
24290,0.3854519
24300,0.36288798
24310,0.40962246
24320,0.20640333
24330,0.3016832
24340,0.17335176
24350,0.1351966
24360,0.26380807
24370,0.3249513
24380,0.2544791
24390,0.4065853
24400,0.15421407
24410,0.2999186
24420,0.22997355
24430,0.41787282
24440,0.19607556
24450,0.22064865
24460,0.18592548
24470,0.19911617
24480,0.3875206
24490,0.45418656
24500,0.3295649
24510,0.3274811
24520,0.30081937
24530,0.3222634
24540,0.22107819
24550,0.3276667
24560,0.18673295
24570,0.2648028
24580,0.2136727
24590,0.26873547
24600,0.33137566
24610,0.36007345
24620,0.31946647
24630,0.39593118
24640,0.21751727
24650,0.34903795
24660,0.32547754
24670,0.4992935
24680,0.13831013
24690,0.304397
24700,0.16768192
24710,0.17632431
24720,0.34464058
24730,0.25170502
24740,0.5477166
24750,0.35846418
24760,0.2228975
24770,0.34297416
24780,0.35008854
24790,0.4205754
24800,0.12155485
24810,0.17215614
24820,0.14839011
24830,0.29982287
24840,0.2914728
24850,0.38513333
24860,0.38093516
24870,0.36391753
24880,0.13898857
24890,0.28711265
24900,0.30243468
24910,0.3316696
24920,0.1259014
24930,0.28632772
24940,0.226387
24950,0.29920292
24960,0.48946598
24970,0.3926276
24980,0.36482537
24990,0.36289197
25000,0.27884245
10,11.737444
10,11.757129
20,11.195441
30,8.557207
40,7.21622
50,6.194152
60,7.5921164
70,5.347705
80,5.3659954
90,7.3796816
100,6.0506916
110,6.845689
120,5.5401773
130,5.3783956
140,6.7033997
150,6.774231
160,5.8912153
170,6.256018
180,7.015578
190,4.8838396
200,5.8179994
210,7.1720877
220,5.5288844
230,6.608307
240,4.718666
250,5.2425375
260,5.9036503
270,5.7233725
280,4.7119007
290,6.186693
300,6.3744755
310,5.9771476
320,6.07616
330,6.685202
340,6.0127964
350,5.705735
360,5.1869407
370,5.2931495
380,5.8943443
390,6.505554
400,5.4900465
410,6.419403
420,5.9002957
430,6.063427
440,5.9036093
450,7.1824055
460,4.918094
470,5.9416113
480,5.976916
490,5.340493
500,6.31353
510,5.684549
520,4.8769584
530,5.578362
540,5.6411877
550,5.2863493
560,5.2736397
570,6.5896277
580,6.1108756
590,5.736161
600,5.614087
610,5.6653857
620,6.3416967
630,5.5372534
640,6.334812
650,5.406105
660,6.563856
670,5.1251297
680,5.15236
690,7.2126017
700,5.3101206
710,6.0568314
720,4.340108
730,5.687921
740,5.6795316
750,4.6789584
760,6.2072344
770,5.754652
780,5.4197216
790,5.8306527
800,5.691565
810,6.3435316
820,5.788677
830,6.101693
840,5.7974606
850,5.307865
860,5.485044
870,5.307575
880,5.8136187
890,5.115709
900,6.145837
910,5.542558
920,4.8805676
930,5.3080587
940,5.110779
950,5.998991
960,4.3896728
970,5.4661274
980,6.469494
990,6.062949
1000,5.416889
1010,6.141328
1020,6.525287
1030,6.245876
1040,6.2548504
1050,6.4451857
1060,5.9246745
1070,5.8343296
1080,4.982775
1090,5.5961237
1100,5.6166267
1110,6.352439
1120,5.651717
1130,4.974644
1140,5.554572
1150,6.141192
1160,5.7067585
1170,5.1568108
1180,5.2811937
1190,6.420647
1200,4.15821
1210,5.4633985
1220,5.140913
1230,4.752462
1240,5.520666
1250,6.0914
1260,5.434416
1270,5.8540344
1280,4.717452
1290,4.9291897
1300,5.15145
1310,5.554387
1320,4.5212026
1330,5.923803
1340,6.2505403
1350,5.5121007
1360,4.8866515
1370,6.606075
1380,5.9433227
1390,5.044311
1400,5.8629084
1410,5.305004
1420,5.811036
1430,5.6705575
1440,5.134009
1450,6.3214464
1460,5.6604404
1470,5.027626
1480,5.0222974
1490,5.3940735
1500,6.0608077
1510,5.262724
1520,4.9552555
1530,5.5091534
1540,5.3273835
1550,4.5382113
1560,4.84029
1570,4.460593
1580,5.0567203
1590,5.7036886
1600,6.057488
1610,6.654236
1620,5.700388
1630,4.9728966
1640,5.580526
1650,5.2629404
1660,4.783412
1670,5.3000307
1680,5.5230937
1690,4.759148
1700,4.7225924
1710,5.886754
1720,5.2175546
1730,6.3720074
1740,6.162657
1750,5.4505234
1760,5.651782
1770,5.21651
1780,3.9576993
1790,6.0720453
1800,4.1089
1810,6.287573
1820,5.5968914
1830,5.7419786
1840,5.1730185
1850,5.3930054
1860,5.3038573
1870,6.016018
1880,5.61459
1890,5.6420097
1900,5.5317554
1910,6.1004825
1920,4.991336
1930,6.0536604
1940,5.4757953
1950,5.556691
1960,5.4248037
1970,5.5951304
1980,5.6901307
1990,5.3059025
2000,6.26062
2010,5.319082
2020,6.0328016
2030,5.2961483
2040,4.3980675
2050,5.9510713
2060,5.777754
2070,4.915758
2080,5.7909155
2090,5.596259
2100,5.80723
2110,5.628153
2120,6.120926
2130,4.6792593
2140,5.5890255
2150,4.7186556
2160,4.065835
2170,5.9911766
2180,5.560189
2190,5.3839493
2200,5.64734
2210,5.077085
2220,6.0839567
2230,5.4320326
2240,5.583179
2250,6.518286
2260,4.2412033
2270,5.314542
2280,4.2250166
2290,5.962922
2300,5.406462
2310,5.85662
2320,5.311552
2330,6.1236324
2340,5.212072
2350,6.118742
2360,5.449896
2370,5.265625
2380,5.5571413
2390,5.394745
2400,4.2288795
2410,6.147263
2420,6.2174654
2430,5.235876
2440,6.0546846
2450,5.929164
2460,5.904991
2470,5.1797733
2480,5.8738904
2490,6.100342
2500,5.632662
2510,5.683431
2520,5.652883
2530,5.874919
2540,6.341773
2550,5.1257887
2560,4.8546805
2570,5.5485883
2580,6.2921495
2590,5.224573
2600,5.850951
2610,3.6497238
2620,5.218177
2630,6.602236
2640,4.6801176
2650,5.539832
2660,5.881258
2670,6.016843
2680,5.504913
2690,6.4160857
2700,6.872604
2710,5.8038855
2720,6.3119583
2730,5.130444
2740,5.5697575
2750,4.6196547
2760,4.995389
2770,5.4176774
2780,5.5477304
2790,4.4584846
2800,5.1194973
2810,5.030084
2820,5.761023
2830,6.038471
2840,5.5897074
2850,5.2272987
2860,5.149413
2870,5.487667
2880,5.12605
2890,5.2096252
2900,6.981758
2910,5.452801
2920,5.5137
2930,5.532111
2940,5.585886
2950,5.9329047
2960,5.618821
2970,5.403881
2980,4.7439814
2990,5.682025
3000,5.6061826
3010,5.715394
3020,5.0553875
3030,5.401767
3040,5.0200415
3050,4.965173
3060,6.0260153
3070,5.7103987
3080,6.045906
3090,5.8856325
3100,5.3698397
3110,5.452031
3120,4.5114083
3130,6.119499
3140,6.4816813
3150,5.96873
3160,4.464383
3170,6.094143
3180,5.9706063
3190,6.240918
3200,4.722189
3210,4.7075744
3220,5.5247674
3230,5.8219895
3240,5.4861336
3250,5.6143045
3260,5.6675587
3270,5.28465
3280,5.674823
3290,5.9464417
3300,5.361084
3310,5.93244
3320,6.0018024
3330,5.3175573
3340,5.0487213
3350,4.496148
3360,6.027154
3370,6.968162
3380,5.4532976
3390,6.1075544
3400,6.8990536
3410,5.9956884
3420,6.061039
3430,5.430386
3440,5.3644714
3450,6.165711
3460,4.4506063
3470,5.542342
3480,4.9354153
3490,5.9631944
3500,5.596349
3510,5.758851
3520,5.3277674
3530,5.30843
3540,4.7304626
3550,5.4449935
3560,6.7827034
3570,6.804575
3580,5.3770366
3590,5.245965
3600,4.3946385
3610,5.6676965
3620,6.378707
3630,6.8936744
3640,5.419592
3650,5.9179554
3660,4.9709234
3670,5.943741
3680,5.782294
3690,5.770778
3700,5.187316
3710,5.53525
3720,5.157852
3730,6.1000557
3740,4.900778
3750,5.443202
3760,4.653251
3770,6.2111406
3780,5.705023
3790,6.3429136
3800,5.692879
3810,5.4313107
3820,5.1991796
3830,5.5610504
3840,4.7694855
3850,6.4799833
3860,6.076272
3870,5.8221893
3880,4.6383247
3890,4.957707
3900,5.815615
3910,6.164894
3920,4.9588842
3930,5.3407316
3940,5.396469
3950,5.8095446
3960,5.5989833
3970,7.1129613
3980,6.092636
3990,5.3071136
4000,4.3879156
4010,5.5925627
4020,5.0561185
4030,5.337145
4040,4.8611097
4050,5.978036
4060,5.865137
4070,5.264514
4080,4.402119
4090,5.2824183
4100,5.548378
4110,6.050491
4120,5.3537006
4130,5.4491386
4140,5.455067
4150,6.5238543
4160,6.744149
4170,5.1588106
4180,5.3944654
4190,6.3176756
4200,4.3807507
4210,5.798188
4220,5.644534
4230,4.737056
4240,5.4748807
4250,6.0081825
4260,6.203915
4270,5.078811
4280,6.145481
4290,5.8165727
4300,5.8416
4310,5.5378695
4320,5.3786855
4330,6.1925344
4340,5.481264
4350,4.2514095
4360,4.8423376
4370,5.30771
4380,5.5699596
4390,5.0514197
4400,4.673876
4410,4.9028435
4420,5.512703
4430,5.2309823
4440,5.490017
4450,6.865079
4460,7.020526
4470,4.794843
4480,5.440616
4490,6.4922833
4500,5.5998325
4510,4.70486
4520,5.508955
4530,6.9367795
4540,5.8279123
4550,5.079522
4560,5.8737206
4570,6.652651
4580,6.036895
4590,5.242321
4600,4.9608126
4610,5.4076004
4620,7.0017233
4630,7.2655582
4640,5.8477826
4650,7.186508
4660,6.533132
4670,5.6070905
4680,4.7911615
4690,5.270061
4700,5.7212086
4710,6.41288
4720,5.116938
4730,6.1088314
4740,6.2652965
4750,5.8428535
4760,5.673852
4770,5.407091
4780,5.424636
4790,5.840847
4800,4.3959546
4810,5.4511037
4820,6.5428815
4830,5.542285
4840,5.3698683
4850,5.046606
4860,6.2925425
4870,6.1504135
4880,6.317827
4890,6.6483474
4900,6.8846264
4910,7.7494907
4920,4.443819
4930,5.718171
4940,4.080203
4950,4.786725
4960,5.042621
4970,5.954788
4980,6.241186
4990,5.79712
5000,5.9441686
5010,5.5445747
5020,5.8994055
5030,5.0168686
5040,5.2477083
5050,6.706278
5060,5.6963887
5070,5.520898
5080,4.5275326
5090,7.0036855
5100,5.111245
5110,5.658128
5120,6.730055
5130,6.5249395
5140,6.712817
5150,5.852248
5160,5.1136036
5170,4.2592096
5180,4.945447
5190,5.6883163
5200,4.1705284
5210,7.0486717
5220,5.4764533
5230,5.2451353
5240,5.190442
5250,8.874687
5260,6.1299524
5270,6.204529
5280,5.608613
5290,6.5910473
5300,6.0315304
5310,6.5397243
5320,4.9306064
5330,5.7896647
5340,7.3756695
5350,7.440053
5360,6.136746
5370,6.8698215
5380,5.6231265
5390,5.7704673
5400,5.2905674
5410,5.5425243
5420,5.950635
5430,6.0078115
5440,4.7762184
5450,5.939444
5460,6.1182323
5470,6.0273104
5480,5.787451
5490,5.3615165
5500,5.7853603
5510,5.6136465
5520,5.622752
5530,6.0258164
5540,5.1364956
5550,4.6716423
5560,5.7080603
5570,5.4489613
5580,4.931539
5590,6.1120663
5600,6.201262
5610,6.296435
5620,5.103289
5630,5.1864176
5640,4.528473
5650,5.7634478
5660,6.159974
5670,6.1942687
5680,5.4243493
5690,7.1071258
5700,6.3515387
5710,5.6182404
5720,5.6538525
5730,9.122192
5740,5.735932
5750,4.505447
5760,4.3515563
5770,5.418184
5780,6.0003366
5790,4.7427263
5800,7.595983
5810,6.7329254
5820,5.9962196
5830,5.524352
5840,5.7681127
5850,6.422536
5860,4.384309
5870,5.087188
5880,5.4004745
5890,5.8459387
5900,6.222754
5910,5.4660625
5920,5.2604084
5930,6.660199
5940,4.6780567
5950,5.697364
5960,5.9815454
5970,5.1005516
5980,5.388261
5990,4.615563
6000,4.7134066
6010,5.374802
6020,4.9844456
6030,4.3876867
6040,5.928812
6050,5.8475294
6060,4.7520757
6070,5.0967016
6080,5.342743
6090,4.67819
6100,4.8330345
6110,6.4005013
6120,3.530436
6130,5.917964
6140,7.151756
6150,4.9575925
6160,5.6606183
6170,5.9014683
6180,5.8137403
6190,5.278475
6200,5.337803
6210,5.9081655
6220,4.801941
6230,5.98083
6240,5.6193066
6250,5.776977
6260,7.124592
6270,5.354417
6280,4.971445
6290,5.9697247
6300,5.2808723
6310,4.581749
6320,5.222333
6330,5.518087
6340,5.155553
6350,5.8454437
6360,4.211725
6370,5.1831985
6380,6.8788233
6390,5.4971676
6400,5.428823
6410,5.5193143
6420,5.698125
6430,5.2351933
6440,5.9932632
6450,6.3669896
6460,5.7546782
6470,5.7123547
6480,4.840234
6490,5.1429358
6500,5.3475413
6510,5.4910088
6520,6.4350214
6530,5.7554073
6540,6.3147087
6550,5.255421
6560,5.8317223
6570,5.3152046
6580,5.979253
6590,5.410751
6600,6.05234
6610,5.744601
6620,6.359148
6630,6.050721
6640,6.0423117
6650,5.9160404
6660,6.052475
6670,6.039703
6680,5.4498663
6690,6.4074707
6700,5.831323
6710,5.042671
6720,6.219239
6730,5.9932117
6740,5.230254
6750,5.469805
6760,5.783417
6770,4.860546
6780,5.589738
6790,5.0084395
6800,6.125107
6810,5.877377
6820,5.893716
6830,5.7780266
6840,4.3730206
6850,4.817684
6860,6.287289
6870,4.9412937
6880,6.0965734
6890,5.847133
6900,7.5207477
6910,5.8186126
6920,5.5046177
6930,6.107254
6940,5.652833
6950,6.3826733
6960,4.6704187
6970,5.323613
6980,5.995985
6990,5.6590776
7000,5.410162
7010,7.4463034
7020,5.4972334
7030,5.949129
7040,5.400301
7050,7.0752697
7060,6.739291
7070,6.699069
7080,5.224253
7090,5.369425
7100,6.8938828
7110,7.11481
7120,5.280874
7130,6.8403783
7140,5.302206
7150,6.0865545
7160,5.709939
7170,6.620551
7180,6.7492304
7190,6.1164694
7200,5.0569453
7210,6.294567
7220,6.4261656
7230,5.5032077
7240,5.6253033
7250,5.1491823
7260,5.434918
7270,6.8618426
7280,7.0965376
7290,4.6739283
7300,5.396678
7310,6.1322474
7320,4.5966454
7330,4.849765
7340,7.128907
7350,4.570529
7360,5.39581
7370,5.9224396
7380,5.584864
7390,5.508004
7400,5.0707073
7410,8.579529
7420,7.1991234
7430,8.9881115
7440,9.691619
7450,7.517553
7460,8.329947
7470,9.82991
7480,8.268265
7490,7.937377
7500,8.148507
7510,5.218775
7520,5.6016455
7530,5.805788
7540,6.573799
7550,6.0570416
7560,4.632389
7570,6.022605
7580,5.839486
7590,6.092149
7600,5.0235653
7610,6.0893483
7620,6.0939803
7630,5.304172
7640,5.0294514
7650,5.9299364
7660,6.057302
7670,5.6698937
7680,5.1631937
7690,5.639495
7700,5.7749305
7710,5.283365
7720,5.756507
7730,8.323117
7740,7.4132223
7750,6.7096305
7760,7.0522213
7770,5.3030605
7780,6.5704536
7790,7.4440126
7800,5.6444626
7810,5.2213726
7820,6.5487833
7830,5.2333574
7840,6.338764
7850,6.723703
7860,5.2669516
7870,5.298645
7880,5.7654996
7890,5.587861
7900,5.800372
7910,6.1360264
7920,4.1230783
7930,6.236738
7940,6.1594954
7950,6.338695
7960,5.244807
7970,6.4564314
7980,5.630905
7990,5.3240166
8000,6.0914865
8010,4.810168
8020,6.1391945
8030,5.4693356
8040,5.113191
8050,6.107732
8060,6.633811
8070,6.038771
8080,3.8367403
8090,7.1826158
8100,5.3037305
8110,6.293209
8120,5.1283484
8130,7.0313225
8140,4.5894136
8150,5.4952064
8160,5.5298085
8170,6.607902
8180,6.6323247
8190,5.5137043
8200,5.1845675
8210,5.9234877
8220,5.6170263
8230,5.5790253
8240,5.1801786
8250,5.6820083
8260,5.556532
8270,6.021515
8280,5.578601
8290,5.7091393
8300,7.307277
8310,5.575685
8320,5.9268045
8330,5.9958696
8340,5.2850876
8350,5.330823
8360,5.6701984
8370,6.3675094
8380,6.486557
8390,7.252819
8400,5.888476
8410,5.8504195
8420,6.483451
8430,5.774161
8440,4.870391
8450,5.3788466
8460,4.573076
8470,6.774933
8480,6.3354063
8490,5.719261
8500,5.4661107
8510,6.002035
8520,4.7608395
8530,6.457943
8540,5.5384197
8550,4.857947
8560,5.304459
8570,6.236562
8580,6.985518
8590,5.393508
8600,6.174825
8610,5.5904684
8620,5.8950825
8630,6.0647326
8640,5.3729706
8650,5.286894
8660,6.8421364
8670,5.5563793
8680,5.896201
8690,6.395967
8700,5.24848
8710,5.469743
8720,5.883993
8730,6.721569
8740,6.772053
8750,6.4207764
8760,4.140131
8770,6.421318
8780,5.237688
8790,5.847472
8800,7.059126
8810,5.4764166
8820,6.24921
8830,5.6280513
8840,5.208086
8850,6.202954
8860,7.8777266
8870,6.963835
8880,5.0879154
8890,6.3741155
8900,6.192733
8910,6.1743507
8920,4.538975
8930,6.638447
8940,5.243473
8950,6.223958
8960,6.258974
8970,9.256643
8980,6.5602503
8990,5.5769114
9000,6.90486
9010,7.269533
9020,7.2685
9030,7.13018
9040,5.869463
9050,9.349102
9060,9.467774
9070,8.795595
9080,8.625359
9090,11.578039
9100,11.054493
9110,9.430336
9120,8.410122
9130,8.303438
9140,7.954277
9150,6.252574
9160,6.04205
9170,7.231596
9180,6.1123824
9190,6.237582
9200,5.769557
9210,8.898778
9220,6.1868563
9230,5.5447655
9240,5.6933455
9250,5.9671726
9260,6.6502895
9270,7.1151485
9280,6.9367113
9290,8.393158
9300,7.228273
9310,8.187252
9320,6.6379156
9330,10.857537
9340,8.260031
9350,5.488452
9360,10.4033375
9370,6.2495775
9380,7.971999
9390,6.046272
9400,6.5164776
9410,7.1218023
9420,5.814099
9430,6.065566
9440,5.990196
9450,7.8574543
9460,6.201091
9470,5.4170456
9480,5.091449
9490,5.785189
9500,6.5311403
9510,5.912075
9520,6.1033144
9530,6.4001484
9540,5.8082476
9550,6.281734
9560,6.2465935
9570,7.622834
9580,5.7473645
9590,6.2962685
9600,5.168866
9610,6.5805902
9620,6.501814
9630,5.3309536
9640,5.7399106
9650,6.713034
9660,6.691222
9670,6.4744215
9680,6.359901
9690,5.6261783
9700,6.462404
9710,6.3618293
9720,4.501662
9730,5.776843
9740,6.983452
9750,5.937048
9760,5.296318
9770,6.0964594
9780,5.933772
9790,5.802536
9800,5.757186
9810,7.3237333
9820,6.1948376
9830,5.73098
9840,6.985148
9850,4.8619027
9860,5.425664
9870,5.181242
9880,5.243561
9890,6.7204437
9900,5.3188276
9910,5.0905814
9920,5.4531584
9930,7.297429
9940,6.3513556
9950,6.332732
9960,5.028529
9970,6.5623865
9980,6.87029
9990,5.6403008
10000,6.4190984
10010,6.1982937
10020,6.67618
10030,5.1884327
10040,6.9263625
10050,7.233906
10060,8.114449
10070,6.232168
10080,5.182179
10090,5.753463
10100,5.8355904
10110,5.095544
10120,6.2798033
10130,6.791319
10140,5.9042077
10150,5.6798496
10160,6.4147983
10170,6.1263566
10180,5.634712
10190,7.4751964
10200,4.5198483
10210,6.144064
10220,5.467449
10230,7.51013
10240,5.2464714
10250,7.2349358
10260,6.0681705
10270,5.2099895
10280,6.8706408
10290,6.875477
10300,5.4738383
10310,6.5503936
10320,6.4142995
10330,5.224264
10340,5.7886095
10350,5.801569
10360,5.1019073
10370,7.2072287
10380,6.0957093
10390,6.237299
10400,7.4600816
10410,9.774616
10420,6.909547
10430,6.032378
10440,5.7270885
10450,5.7858877
10460,6.0784087
10470,5.8470283
10480,5.5270734
10490,6.394581
10500,6.1099524
10510,6.5829487
10520,6.5005226
10530,5.814917
10540,6.0197086
10550,6.199954
10560,5.731999
10570,5.1878014
10580,6.100576
10590,6.0488586
10600,5.0572724
10610,6.9215336
10620,5.6188517
10630,6.1284304
10640,5.5454297
10650,5.5748253
10660,5.0636597
10670,5.357249
10680,5.2368402
10690,5.4937263
10700,5.950233
10710,5.92241
10720,5.1323867
10730,6.4492817
10740,6.227893
10750,5.3730125
10760,6.011656
10770,7.662698
10780,7.143291
10790,7.1179724
10800,8.20675
10810,8.780345
10820,8.800366
10830,7.673149
10840,8.008136
10850,9.2998495
10860,8.77762
10870,10.253065
10880,10.765192
10890,11.958326
10900,9.996023
10910,8.758393
10920,7.446685
10930,6.382285
10940,6.575116
10950,8.1303215
10960,7.3314776
10970,6.1941795
10980,8.066963
10990,6.83059
11000,6.2321434
11010,9.853619
11020,8.312
11030,7.3314605
11040,6.362317
11050,6.6192446
11060,5.8934917
11070,5.626314
11080,5.7301855
11090,7.6713257
11100,9.138156
11110,6.980753
11120,5.571919
11130,8.896587
11140,5.1090546
11150,6.3751955
11160,6.7459135
11170,6.059561
11180,6.697502
11190,5.6584435
11200,7.4709473
11210,5.8339143
11220,7.5392227
11230,7.4174495
11240,6.775135
11250,7.479789
11260,5.818824
11270,7.037092
11280,6.220683
11290,7.341017
11300,6.051848
11310,6.4658947
11320,7.209112
11330,7.046875
11340,7.473089
11350,6.9187074
11360,7.6154556
11370,10.243607
11380,8.45008
11390,8.550379
11400,7.892265
11410,7.8728585
11420,6.8446274
11430,8.392015
11440,7.1958146
11450,8.360299
11460,8.45801
11470,8.513653
11480,7.925571
11490,9.731248
11500,8.716621
11510,8.344603
11520,8.317269
11530,7.49896
11540,7.971084
11550,7.87132
11560,7.979254
11570,7.463895
11580,8.243398
11590,7.9362693
11600,8.199886
11610,10.54973
11620,8.634068
11630,7.2883987
11640,6.8279886
11650,8.246014
11660,8.630777
11670,8.271517
11680,8.792939
11690,8.610931
11700,9.006427
11710,9.50062
11720,10.092156
11730,10.901444
11740,8.842191
11750,7.771816
11760,5.877753
11770,5.867554
11780,6.7894063
11790,6.621226
11800,6.98333
11810,4.9754224
11820,7.183886
11830,7.0584702
11840,6.6113434
11850,7.545761
11860,5.4934564
11870,6.2555866
11880,6.678712
11890,6.700036
11900,6.445568
11910,6.2618675
11920,6.1337156
11930,6.9985957
11940,7.7961965
11950,6.306203
11960,7.083814
11970,8.581662
11980,6.3457837
11990,5.3911166
12000,5.9174075
12010,6.395043
12020,6.2835293
12030,7.9882374
12040,5.879551
12050,7.6600447
12060,6.971588
12070,6.511897
12080,7.0443172
12090,7.466807
12100,7.336005
12110,6.4881496
12120,6.3844147
12130,6.1434517
12140,5.9719095
12150,6.6111164
12160,6.313973
12170,6.6165385
12180,6.473016
12190,6.6859026
12200,5.9168296
12210,6.46456
12220,5.8731737
12230,6.5392942
12240,6.6431713
12250,5.899771
12260,6.6236134
12270,6.3660216
12280,6.353141
12290,6.0870056
12300,6.7967815
12310,6.207876
12320,5.7927604
12330,6.9982605
12340,6.224455
12350,7.151666
12360,7.3740296
12370,4.9052215
12380,5.816784
12390,5.986405
12400,5.4980397
12410,7.6896415
12420,6.127929
12430,6.2178783
12440,5.9638877
12450,6.024064
12460,5.2445216
12470,6.8019
12480,6.887198
12490,5.61557
12500,5.721374
12510,7.127168
12520,6.8782835
12530,6.3215656
12540,6.1806164
12550,6.8633347
12560,6.3711376
12570,5.5885277
12580,6.603217
12590,6.2840567
12600,6.219789
12610,5.147274
12620,6.031621
12630,5.8200884
12640,5.3528676
12650,6.056248
12660,5.1722074
12670,6.3844213
12680,7.0807505
12690,6.2032785
12700,5.784096
12710,5.698088
12720,6.4688563
12730,6.761769
12740,6.401539
12750,6.095752
12760,6.027281
12770,7.4933863
12780,6.094675
12790,5.580143
12800,5.466536
12810,6.0814757
12820,7.527634
12830,5.8140936
12840,5.902809
12850,5.990547
12860,5.8212204
12870,6.796871
12880,4.876289
12890,6.4911733
12900,6.1215286
12910,6.0206203
12920,6.3051214
12930,9.218234
12940,5.8033285
12950,5.670456
12960,5.2100005
12970,5.7329397
12980,6.753009
12990,5.7542443
13000,5.7842655
13010,6.806434
13020,5.572505
13030,5.4859915
13040,5.967673
13050,5.414942
13060,6.4634824
13070,6.162339
13080,6.759262
13090,6.5645556
13100,6.1259937
13110,6.298934
13120,5.8363066
13130,6.381963
13140,6.064378
13150,6.290169
13160,6.416989
13170,5.383146
13180,5.5235004
13190,6.3749723
13200,6.416601
13210,4.941086
13220,5.5083327
13230,6.000799
13240,6.136773
13250,5.702058
13260,6.257162
13270,6.345372
13280,6.128646
13290,7.1965437
13300,6.652089
13310,6.1083455
13320,5.8136005
13330,5.320211
13340,5.785804
13350,6.028841
13360,5.882089
13370,6.4769516
13380,5.610324
13390,6.358927
13400,6.5800614
13410,5.9799275
13420,5.3184767
13430,6.6294265
13440,4.232276
13450,5.7347755
13460,6.091634
13470,5.547429
13480,6.1326065
13490,6.2977505
13500,7.368622
13510,5.3237476
13520,7.0188646
13530,5.068737
13540,6.3503466
13550,6.526476
13560,4.9071617
13570,5.008505
13580,6.0255756
13590,8.192852
13600,5.979992
13610,6.3583183
13620,7.5048923
13630,6.345755
13640,7.201759
13650,5.460073
13660,6.9031887
13670,5.9614635
13680,4.3586373
13690,5.2187414
13700,6.0030026
13710,5.5503707
13720,4.0810986
13730,6.7651367
13740,6.6519537
13750,5.8932514
13760,5.9363756
13770,6.1983433
13780,6.213414
13790,6.263296
13800,5.47136
13810,5.8193398
13820,5.6693106
13830,6.3865614
13840,6.339426
13850,6.0537252
13860,5.3306837
13870,6.3534026
13880,6.9472647
13890,5.978552
13900,6.1325917
13910,6.58887
13920,5.559332
13930,5.7287064
13940,6.4567676
13950,6.344016
13960,5.938854
13970,8.017166
13980,7.003582
13990,6.7645645
14000,5.096575
14010,7.3138704
14020,6.3782816
14030,7.1924195
14040,5.5632105
14050,6.500122
14060,6.6546416
14070,5.1775646
14080,5.697604
14090,7.660249
14100,7.9725575
14110,6.140995
14120,6.7534733
14130,8.038874
14140,6.0144286
14150,7.1561475
14160,4.8140774
14170,5.6770945
14180,5.4978704
14190,6.0894175
14200,6.0309677
14210,7.0381527
14220,6.0770826
14230,6.625558
14240,5.1140103
14250,5.9076786
14260,5.686783
14270,6.6493654
14280,6.1258173
14290,6.715269
14300,4.580723
14310,5.8780375
14320,6.09698
14330,6.7605247
14340,5.445256
14350,5.3752213
14360,5.5319414
14370,9.274107
14380,6.3655014
14390,6.3565702
14400,4.6195426
14410,6.8516808
14420,6.5855336
14430,6.126624
14440,5.3422003
14450,7.736269
14460,8.700183
14470,5.9851046
14480,6.8927994
14490,9.360862
14500,5.335159
14510,5.840844
14520,5.9455395
14530,6.3898993
14540,5.1452374
14550,5.780944
14560,5.898692
14570,6.625907
14580,5.1480103
14590,6.052206
14600,7.3470583
14610,8.002872
14620,8.67353
14630,6.4567337
14640,3.968216
14650,8.220497
14660,5.457995
14670,9.9632
14680,10.187141
14690,9.131481
14700,10.658746
14710,7.655252
14720,10.251097
14730,11.607544
14740,10.537695
14750,10.222036
14760,10.148986
14770,10.7594385
14780,9.609485
14790,11.104712
14800,11.207445
14810,11.091595
14820,11.785088
14830,11.823095
14840,11.871756
14850,12.058476
14860,12.047491
14870,12.044344
14880,12.060861
14890,12.07406
14900,12.07165
14910,12.074617
14920,12.0736685
14930,12.0735855
14940,12.073182
14950,12.074291
14960,12.074408
14970,12.074601
14980,12.074568
14990,12.0734005
